{"cameraMode":{"drawMode":0,"name":"Shaded","section":"Shading Mode"},"sceneLighting":false,"audioPlay":false,"sceneViewState":{"showFog":true,"showMaterialUpdate":false,"showSkybox":false,"showFlares":true,"showImageEffects":true,"showParticleSystems":true},"in2DMode":false,"pivot":{"x":3.9855332374572756,"y":-2.9777841567993166,"z":5.150472164154053},"rotation":{"x":-0.04084954038262367,"y":0.7180026769638062,"z":-0.04226938262581825,"w":-0.6936843395233154},"size":2.8635993003845217,"orthographic":false}