{"cameraMode":{"drawMode":0,"name":"Shaded","section":"Shading Mode"},"sceneLighting":false,"audioPlay":false,"sceneViewState":{"showFog":true,"showMaterialUpdate":false,"showSkybox":false,"showFlares":true,"showImageEffects":true,"showParticleSystems":true},"in2DMode":false,"pivot":{"x":0.4405602514743805,"y":-0.06146441400051117,"z":0.722929060459137},"rotation":{"x":0.1286206841468811,"y":0.165166974067688,"z":-0.02172500267624855,"w":0.9776356220245361},"size":2.2578840255737306,"orthographic":false}